C|T|G|T|T|T|T|C|T|G|A|T
T|G|C|C|A|A|G|T|A|C|G|A
A|C|T|T|A|G|C|A|G|T|C|G
G|T|A|A|A|C|T|C|C|G|T|C
C|A|G|G|T|T|A|T|T|C|A|T
T|G|C|C|T|A|G|G|A|T|G|A
A|C|T|T|T|T|T|C|G|A|C|G
G|T|A|A|A|A|A|T|C|G|T|C
C|A|C|C|A|G|G|A|T|C|G|T
T|T|T|T|T|C|C|G|A|T|C|A
A|A|G|G|A|T|T|C|C|A|T|C
C|G|C|C|T|C|A|T|T|G|A|T
T|C|A|T|A|T|T|G|G|C|G|G
G|T|T|A|A|A|A|C|C|T|C|C
C|A|A|G|T|G|G|T|A|A|T|A
A|T|G|C|T|C|C|A|T|C|A|T
T|A|C|T|A|T|T|G|A|T|G|A
A|G|T|G|A|A|A|C|G|G|C|G
G|C|A|C|A|G|G|T|C|C|T|C
C|T|G|T|A|C|C|A|T|A|A|T
T|A|C|A|T|T|T|G|A|T|C|A
A|G|T|G|T|G|A|C|G|A|T|G
G|C|A|C|T|C|G|T|C|G|G|C
C|T|G|T|T|T|C|A|T|C|C|T
T|A|C|A|A|A|T|G|A|T|A|A
A|G|T|G|A|G|A|C|G|A|T|G
G|C|A|C|T|C|G|T|C|G|A|C
C|T|G|T|A|T|C|A|T|C|G|T
T|A|C|A|T|A|T|G|A|T|C|A
A|G|T|G|A|G|A|C|G|A|T|G
G|C|A|C|T|C|G|G|C|G|A|C
C|T|G|T|T|T|C|C|T|C|G|T
T|A|C|A|T|A|A|G|G|T|C|G
A|G|A|G|A|C|G|A|C|A|T|C
G|C|G|C|A|T|C|G|T|G|A|T
C|G|C|A|A|G|T|C|A|G|G|A
G|C|T|G|T|C|A|T|G|C|C|G
C|G|A|C|T|T|G|C|C|A|T|C
T|A|G|T|A|A|C|T|T|G|A|T
A|G|C|A|A|G|T|A|A|C|G|A
C|C|T|G|T|C|G|G|C|T|C|C
T|T|G|C|A|T|C|C|T|A|T|T
G|C|C|T|T|A|T|T|G|G|G|G
C|T|T|G|A|G|A|A|C|C|C|C
A|A|A|C|T|C|G|G|T|T|T|T
T|G|G|T|A|T|C|C|A|G|A|A
A|C|C|A|T|A|T|T|T|C|G|T
G|T|T|G|A|G|A|G|C|T|C|C
C|A|A|C|A|A|G|C|T|A|T|T
T|G|G|T|A|C|C|T|A|G|A|A
A|C|C|A|T|T|T|A|G|C|C|G
A|T|T|G|T|G|A|G|C|T|T|C
G|G|A|C|A|C|C|C|T|A|G|T
C|C|C|T|T|A|T|T|A|G|C|A
T|T|T|A|A|G|G|A|C|C|T|C
A|A|G|C|T|C|C|G|T|T|A|T
G|G|C|T|T|T|A|C|G|A|T|G
C|C|A|G|T|A|G|T|C|C|C|C
T|T|G|C|A|G|C|A|T|T|T|T
G|A|C|G|A|C|T|C|A|G|A|A
C|G|T|C|T|T|A|T|G|C|G|G
T|C|A|C|A|G|G|G|C|G|C|C
A|T|G|T|T|C|C|C|T|C|T|T
G|A|C|A|A|T|T|A|G|C|A|G
C|C|T|G|T|A|G|T|C|T|C|C
T|T|G|C|A|G|C|A|T|A|T|T
A|G|C|T|T|C|T|G|A|G|G|A
G|C|T|A|A|T|A|C|G|C|C|G
C|A|A|G|T|A|G|T|C|T|T|C
T|T|G|C|A|G|C|A|T|A|A|T
A|A|C|T|T|C|T|G|A|G|G|A
C|G|T|A|T|T|A|C|G|C|C|G
T|C|A|G|T|A|G|T|C|T|T|C
G|T|G|A|A|C|C|A|T|A|G|T
C|A|C|C|A|T|T|G|A|G|C|A
G|G|T|T|T|G|A|C|G|C|T|G
C|C|A|G|A|T|C|T|C|A|A|C
T|T|C|C|T|A|T|A|T|G|G|T
A|A|T|A|A|C|G|G|A|C|C|A
A|T|T|A|T|C|G|G|A|A|C|A